{
  "topology": {
    "nodes_processed": 1000,
    "similarity_matrix_shape": [
      1000,
      1000
    ],
    "sample_similarity": 0.9055876731872559
  },
  "sanity": {
    "total_nodes": 1000,
    "corrupted_count": 0,
    "corrupted_indices": [],
    "compute_time": 0.037192583084106445,
    "drift_threshold_hours": 24.0
  },
  "sorting": {
    "nodes_sorted": 1000,
    "cpu_time": 0.019759178161621094,
    "gpu_time": 0.0001983642578125,
    "speedup": 99.61057692307692
  }
}